{
	"__comment": "Designed by Scipio3000 with Cubik Studio - https://cubik.studio",
	"ambientocclusion": false,
	"textures": {
		"texture-rail": "blocks/iron_bars",
		"tetxure-wood": "blocks/planks_oak"
	},
	"elements": [ 	 
		{
			"__comment": "Box5",
			"from": [ 16.5, 0, -6 ],
			"to": [ 19.5, 1, 25.5 ],
			"rotation": { "origin": [ 19.5, 0, -6 ], "axis": "y", "angle": 22.5 },
			"faces": {
				"down": { "uv": [ 0, 2.5, 16, 5.5 ], "texture": "#tetxure-wood", "rotation": 270 },
				"up": { "uv": [ 0, 10.5, 16, 13.5 ], "texture": "#tetxure-wood", "rotation": 90 },
				"north": { "uv": [ 10.5, 15, 13.5, 16 ], "texture": "#tetxure-wood" },
				"south": { "uv": [ 2.5, 15, 5.5, 16 ], "texture": "#tetxure-wood" },
				"west": { "uv": [ 0, 15, 16, 16 ], "texture": "#tetxure-wood" },
				"east": { "uv": [ 0, 15, 16, 16 ], "texture": "#tetxure-wood" }
			}
		},
		{
			"__comment": "Box4",
			"from": [ -5.5, 1, 21 ],
			"to": [ -3.5, 2.5, 32 ],
			"faces": {
				"down": { "uv": [ 12, 0, 14, 11 ], "texture": "#texture-rail" },
				"up": { "uv": [ 12, 0, 14, 10 ], "texture": "#texture-rail" },
				"north": { "uv": [ 2, 0, 4, 11.5 ], "texture": "#texture-rail" },
				"south": { "uv": [ 12, 0, 14, 12 ], "texture": "#texture-rail" },
				"west": { "uv": [ 2, 0, 4, 12 ], "texture": "#texture-rail", "rotation": 90 },
				"east": { "uv": [ 7, 0, 9, 12 ], "texture": "#texture-rail", "rotation": 180 }
			}
		},
		{
			"__comment": "Box4",
			"from": [ 19.5, 1, 30.5 ],
			"to": [ 21.5, 2.5, 32 ],
			"faces": {
				"down": { "uv": [ 12, 0, 14, 2 ], "texture": "#texture-rail" },
				"up": { "uv": [ 12, 0, 14, 2 ], "texture": "#texture-rail" },
				"north": { "uv": [ 2, 0, 4, 2 ], "texture": "#texture-rail" },
				"south": { "uv": [ 12, 0, 14, 2 ], "texture": "#texture-rail" },
				"west": { "uv": [ 2, 0, 4, 2 ], "texture": "#texture-rail", "rotation": 90 },
				"east": { "uv": [ 7, 0, 9, 2 ], "texture": "#texture-rail", "rotation": 90 }
			}
		},
		{
			"__comment": "Box4",
			"from": [ 30.5, 1, 19.5 ],
			"to": [ 32, 2.5, 21.5 ],
			"faces": {
				"down": { "uv": [ 12, 0, 14, 2 ], "texture": "#texture-rail", "rotation": 270 },
				"up": { "uv": [ 12, 0, 14, 2 ], "texture": "#texture-rail", "rotation": 90 },
				"north": { "uv": [ 2, 0, 4, 2 ], "texture": "#texture-rail", "rotation": 90 },
				"south": { "uv": [ 7, 0, 9, 2 ], "texture": "#texture-rail", "rotation": 90 },
				"west": { "uv": [ 12, 0, 14, 2 ], "texture": "#texture-rail" },
				"east": { "uv": [ 2, 0, 4, 2 ], "texture": "#texture-rail" }
			}
		},
		{
			"__comment": "Box4",
			"from": [ 21, 1, -5.5 ],
			"to": [ 32, 2.5, -3.5 ],
			"faces": {
				"down": { "uv": [ 12, 0, 14, 12 ], "texture": "#texture-rail", "rotation": 270 },
				"up": { "uv": [ 12, 0, 14, 12 ], "texture": "#texture-rail", "rotation": 90 },
				"north": { "uv": [ 2, 0, 4, 12 ], "texture": "#texture-rail", "rotation": 90 },
				"south": { "uv": [ 7, 0, 9, 11.5 ], "texture": "#texture-rail", "rotation": 180 },
				"west": { "uv": [ 12, 0, 14, 12 ], "texture": "#texture-rail" },
				"east": { "uv": [ 2, 0, 4, 12 ], "texture": "#texture-rail" }
			}
		},
		{
			"__comment": "Box4",
			"from": [ 10, 1, -0.5 ],
			"to": [ 12, 2.5, 15 ],
			"rotation": { "origin": [ 10, 1, -0.5 ], "axis": "y", "angle": -45 },
			"faces": {
				"down": { "uv": [ 12, 0, 14, 10 ], "texture": "#texture-rail" },
				"up": { "uv": [ 12, 0, 14, 11 ], "texture": "#texture-rail" },
				"north": { "uv": [ 2, 0, 4, 11 ], "texture": "#texture-rail" },
				"south": { "uv": [ 12, 0, 14, 11 ], "texture": "#texture-rail" },
				"west": { "uv": [ 2, 0, 4, 10.5 ], "texture": "#texture-rail", "rotation": 90 },
				"east": { "uv": [ 7, 0, 9, 10 ], "texture": "#texture-rail", "rotation": 180 }
			}
		},
		{
			"__comment": "Box4",
			"from": [ 25.4617, 1, 19.4076 ],
			"to": [ 30.4617, 2.5, 21.4076 ],
			"rotation": { "origin": [ 30.5, 1, 19.5 ], "axis": "y", "angle": 22.5 },
			"faces": {
				"down": { "uv": [ 12, 0, 14, 4 ], "texture": "#texture-rail", "rotation": 270 },
				"up": { "uv": [ 12, 0, 14, 4 ], "texture": "#texture-rail", "rotation": 90 },
				"north": { "uv": [ 2, 0, 4, 4 ], "texture": "#texture-rail", "rotation": 90 },
				"south": { "uv": [ 7, 0, 9, 4 ], "texture": "#texture-rail", "rotation": 180 },
				"west": { "uv": [ 12, 0, 14, 4 ], "texture": "#texture-rail" },
				"east": { "uv": [ 2, 0, 4, 4.5 ], "texture": "#texture-rail" }
			}
		},
		{
			"__comment": "Box4",
			"from": [ 19.0653, 1, 21.5707 ],
			"to": [ 25.5653, 2.5, 23.5707 ],
			"rotation": { "origin": [ 25.5, 1, 21.5 ], "axis": "y", "angle": 45 },
			"faces": {
				"down": { "uv": [ 12, 0, 14, 4 ], "texture": "#texture-rail", "rotation": 270 },
				"up": { "uv": [ 12, 0, 14, 4.5 ], "texture": "#texture-rail", "rotation": 90 },
				"north": { "uv": [ 2, 0, 4.5, 4 ], "texture": "#texture-rail", "rotation": 90 },
				"south": { "uv": [ 7, 0, 9, 4 ], "texture": "#texture-rail", "rotation": 180 },
				"west": { "uv": [ 12, 0, 14, 4 ], "texture": "#texture-rail" },
				"east": { "uv": [ 2, 0, 4, 4.5 ], "texture": "#texture-rail" }
			}
		},
		{
			"__comment": "Box4",
			"from": [ -1, 1, 10.5 ],
			"to": [ 1, 2.5, 22 ],
			"rotation": { "origin": [ -1, 1, 10.5 ], "axis": "y", "angle": -22.5 },
			"faces": {
				"down": { "uv": [ 12, 0, 14, 8.5 ], "texture": "#texture-rail" },
				"up": { "uv": [ 12, 0, 14, 8 ], "texture": "#texture-rail" },
				"north": { "uv": [ 2, 0, 4, 8.5 ], "texture": "#texture-rail" },
				"south": { "uv": [ 12, 0, 14, 8 ], "texture": "#texture-rail" },
				"west": { "uv": [ 2, 0, 4, 7.5 ], "texture": "#texture-rail", "rotation": 90 },
				"east": { "uv": [ 7, 0, 9, 7 ], "texture": "#texture-rail", "rotation": 180 }
			}
		},
		{
			"__comment": "Box4",
			"from": [ 21.4076, 1, 25.5383 ],
			"to": [ 23.4076, 2.5, 30.5383 ],
			"rotation": { "origin": [ 21.5, 1, 25.5 ], "axis": "y", "angle": -22.5 },
			"faces": {
				"down": { "uv": [ 12, 0, 14, 4.5 ], "texture": "#texture-rail" },
				"up": { "uv": [ 12, 0, 14, 4 ], "texture": "#texture-rail" },
				"north": { "uv": [ 2, 0, 4, 4 ], "texture": "#texture-rail" },
				"south": { "uv": [ 12, 0, 14, 3.5 ], "texture": "#texture-rail" },
				"west": { "uv": [ 2, 0, 4, 4 ], "texture": "#texture-rail", "rotation": 90 },
				"east": { "uv": [ 7, 0, 9, 3 ], "texture": "#texture-rail", "rotation": 180 }
			}
		},
		{
			"__comment": "Box4",
			"from": [ 9.0732, 1, -5.6768 ],
			"to": [ 21.0732, 2.5, -3.6768 ],
			"rotation": { "origin": [ 21, 1, -5.5 ], "axis": "y", "angle": 22.5 },
			"faces": {
				"down": { "uv": [ 12, 0, 14, 8 ], "texture": "#texture-rail", "rotation": 270 },
				"up": { "uv": [ 12, 0, 14, 8.5 ], "texture": "#texture-rail", "rotation": 90 },
				"north": { "uv": [ 2, 0, 4, 8.5 ], "texture": "#texture-rail", "rotation": 90 },
				"south": { "uv": [ 7, 0, 9, 8 ], "texture": "#texture-rail", "rotation": 180 },
				"west": { "uv": [ 12, 0, 14, 8 ], "texture": "#texture-rail" },
				"east": { "uv": [ 2, 0, 4, 8.5 ], "texture": "#texture-rail" }
			}
		},
		{
			"__comment": "Box5",
			"from": [ -4.5, 0, 16.5 ],
			"to": [ 27, 1, 19.5 ],
			"rotation": { "origin": [ -4.5, 0, 16.5 ], "axis": "y", "angle": -22.5 },
			"faces": {
				"down": { "uv": [ 0, 2.5, 16, 5.5 ], "texture": "#tetxure-wood" },
				"up": { "uv": [ 0, 10.5, 16, 13.5 ], "texture": "#tetxure-wood" },
				"north": { "uv": [ 0, 15, 16, 16 ], "texture": "#tetxure-wood" },
				"south": { "uv": [ 0, 15, 16, 16 ], "texture": "#tetxure-wood" },
				"west": { "uv": [ 10.5, 15, 13.5, 16 ], "texture": "#tetxure-wood" },
				"east": { "uv": [ 2.5, 15, 5.5, 16 ], "texture": "#tetxure-wood" }
			}
		}
	]
}