{
	"__comment": "Designed by Scipio3000 with Cubik Studio - https://cubik.studio",
	"ambientocclusion": false,
	"textures": {
		"texture-rail": "blocks/iron_bars",
		"tetxure-wood": "blocks/planks_oak"
	},
	"elements": [ 	 
		{
			"__comment": "Box5",
			"from": [ -7.5, 13, 0 ],
			"to": [ 24, 14, 3 ],
			"rotation": { "origin": [ -7.5, 13, 0 ], "axis": "x", "angle": 45 },
			"faces": {
				"down": { "uv": [ 0, 10.5, 16, 13.5 ], "texture": "#tetxure-wood" },
				"up": { "uv": [ 0, 2.5, 16, 5.5 ], "texture": "#tetxure-wood" },
				"north": { "uv": [ 0, 15, 16, 16 ], "texture": "#tetxure-wood" },
				"south": { "uv": [ 0, 15, 16, 16 ], "texture": "#tetxure-wood" },
				"west": { "uv": [ 2.5, 15, 5.5, 16 ], "texture": "#tetxure-wood" },
				"east": { "uv": [ 10.5, 15, 13.5, 16 ], "texture": "#tetxure-wood" }
			}
		},
		{
			"__comment": "Box5",
			"from": [ -7.5, 9, 12.5 ],
			"to": [ 24, 10, 15.5 ],
			"rotation": { "origin": [ -7.5, 9, 4.5 ], "axis": "x", "angle": 45 },
			"faces": {
				"down": { "uv": [ 0, 2.5, 16, 5.5 ], "texture": "#tetxure-wood" },
				"up": { "uv": [ 0, 10.5, 16, 13.5 ], "texture": "#tetxure-wood" },
				"north": { "uv": [ 0, 15, 16, 16 ], "texture": "#tetxure-wood" },
				"south": { "uv": [ 0, 15, 16, 16 ], "texture": "#tetxure-wood" },
				"west": { "uv": [ 10.5, 15, 13.5, 16 ], "texture": "#tetxure-wood" },
				"east": { "uv": [ 2.5, 15, 5.5, 16 ], "texture": "#tetxure-wood" }
			}
		},
		{
			"__comment": "Box4",
			"from": [ 19.5001, 13.2187, -1.7813 ],
			"to": [ 21.5001, 14.7187, 20.2187 ],
			"rotation": { "origin": [ -7.5, 12.5, 1 ], "axis": "x", "angle": 45 },
			"faces": {
				"down": { "uv": [ 12, 0, 14, 16 ], "texture": "#texture-rail" },
				"up": { "uv": [ 12, 0, 14, 16 ], "texture": "#texture-rail" },
				"north": { "uv": [ 2, 0, 4, 16 ], "texture": "#texture-rail" },
				"south": { "uv": [ 12, 0, 14, 16 ], "texture": "#texture-rail" },
				"west": { "uv": [ 2, 0, 4, 16 ], "texture": "#texture-rail", "rotation": 90 },
				"east": { "uv": [ 7, 0, 9, 16 ], "texture": "#texture-rail", "rotation": 180 }
			}
		},
		{
			"__comment": "Box4",
			"from": [ -5.5, 14.75, -2.25 ],
			"to": [ -3.5, 16.25, 19.75 ],
			"rotation": { "origin": [ -7.5, 13, -0.5 ], "axis": "x", "angle": 45 },
			"faces": {
				"down": { "uv": [ 12, 0, 14, 16 ], "texture": "#texture-rail" },
				"up": { "uv": [ 12, 0, 14, 16 ], "texture": "#texture-rail" },
				"north": { "uv": [ 2, 0, 4, 16 ], "texture": "#texture-rail" },
				"south": { "uv": [ 12, 0, 14, 16 ], "texture": "#texture-rail" },
				"west": { "uv": [ 2, 0, 4, 16 ], "texture": "#texture-rail", "rotation": 90 },
				"east": { "uv": [ 7, 0, 9, 16 ], "texture": "#texture-rail", "rotation": 180 }
			}
		},
		{
			"__comment": "Box5",
			"from": [ -7.5, 9, 4.5 ],
			"to": [ 24, 10, 7.5 ],
			"rotation": { "origin": [ -7.5, 9, 4.5 ], "axis": "x", "angle": 45 },
			"faces": {
				"down": { "uv": [ 0, 10.5, 16, 13.5 ], "texture": "#tetxure-wood" },
				"up": { "uv": [ 0, 2.5, 16, 5.5 ], "texture": "#tetxure-wood" },
				"north": { "uv": [ 0, 15, 16, 16 ], "texture": "#tetxure-wood" },
				"south": { "uv": [ 0, 15, 16, 16 ], "texture": "#tetxure-wood" },
				"west": { "uv": [ 2.5, 15, 5.5, 16 ], "texture": "#tetxure-wood" },
				"east": { "uv": [ 10.5, 15, 13.5, 16 ], "texture": "#tetxure-wood" }
			}
		}
	]
}