{
	"__comment": "Designed by Scipio3000 with Cubik Studio - https://cubik.studio",
	"textures": {
		"texture": "lobby/logo/ba"
	},
	"elements": [ 	 
		{
			"__comment": "PlaneY2",
			"from": [ -16, 8.5, -16 ],
			"to": [ 32, 8.501, 32 ],
			"faces": {
				"down": { "uv": [ 0, 16, 16, 0 ], "texture": "#texture" },
				"up": { "uv": [ 0, 0, 16, 16 ], "texture": "#texture" }
			}
		}
	],
	"display": {
		"head": {
			"rotation":  [ 90, 0, 180 ],
			"translation":  [ 0, 0, 2.7826 ],
			"scale":  [ 3,3,3 ]
		}
	}
}