{"copyright":"Copyright GamesLabs SASU 2017","textures":{"a":"lobby/entities/chicken"},"elements":[{"from":[6.5,5.5,6.5],"to":[9.5,10.5,9.5],"faces":{"east":{"uv":[0,0.75,0.75,2],"texture":"#a"},"south":{"uv":[2.25,0.75,3,2],"texture":"#a"},"north":{"uv":[0.75,0.75,1.5,2],"texture":"#a"},"west":{"uv":[1.5,0.75,2.25,2],"texture":"#a"},"up":{"uv":[0.75,0,1.5,0.75],"texture":"#a"},"down":{"uv":[1.5,0,1.5,0.75],"texture":"#a"}}}],"display":{"head":{"translation":[1.7,-10.5,-0.30000000000000004],"scale":[1.6,1.6,1.6]}}}