{"copyright":"Copyright GamesLabs SASU 2017","textures":{"a":"lobby/entities/chicken"},"elements":[{"from":[7.5,6,5],"to":[8.5,10,11],"faces":{"east":{"uv":[0,3.5,1.5,4.5],"texture":"#a"},"south":{"uv":[3.25,3.5,3.5,4.5],"texture":"#a"},"north":{"uv":[1.5,3.5,1.75,4.5],"texture":"#a"},"west":{"uv":[1.75,3.5,3.25,4.5],"texture":"#a"},"up":{"uv":[1.5,2,1.75,3.5],"texture":"#a"},"down":{"uv":[1.75,2,1.75,3.5],"texture":"#a"}}}],"display":{"head":{"translation":[0.7,-10,1.2],"scale":[1.6,1.6,1.6]}}}