{"parent":"item/stone","overrides":[{"predicate":{"damage":6.40204866E-4,"damaged":0},"model":"item/achievements/achievements"},{"predicate":{"damage":0.001280409731,"damaged":0},"model":"item/lobby/pets/all"},{"predicate":{"damage":0.001920614597,"damaged":0},"model":"item/lobby/menu/lobby_item"},{"predicate":{"damage":0.002560819462,"damaged":0},"model":"item/lobby/menu/lobby_item"},{"predicate":{"damage":0.003201024328,"damaged":0},"model":"item/lobby/menu/lobby_item"},{"predicate":{"damage":0.003841229193,"damaged":0},"model":"item/lobby/flags/all"},{"predicate":{"damage":0.004481434059,"damaged":0},"model":"item/lobby/flags/english"},{"predicate":{"damage":0.005121638924,"damaged":0},"model":"item/lobby/flags/french"},{"predicate":{"damage":0.00576184379,"damaged":0},"model":"item/lobby/flags/german"},{"predicate":{"damage":0.006402048656,"damaged":0},"model":"item/lobby/hats/climber_bandana"},{"predicate":{"damage":0.009603072983,"damaged":0},"model":"item/lobby/hats/bokoblin_mask"},{"predicate":{"damage":0.007042253521,"damaged":0},"model":"item/lobby/hats/bokoblin_mask"},{"predicate":{"damage":0.008322663252,"damaged":0},"model":"item/lobby/hats/bokoblin_mask_off"},{"predicate":{"damage":0.007682458387,"damaged":0},"model":"item/lobby/hats/bokoblin_mask_off"},{"predicate":{"damage":0.008962868118,"damaged":0},"model":"item/lobby/hats/bokoblin_mask"},{"predicate":{"damage":0.012804097311,"damaged":0},"model":"item/lobby/hats/climber_bandana"},{"predicate":{"damage":0.010243277849,"damaged":0},"model":"item/lobby/hats/climber_bandana"},{"predicate":{"damage":0.01152368758,"damaged":0},"model":"item/lobby/hats/climber_bandana_off"},{"predicate":{"damage":0.010883482714,"damaged":0},"model":"item/lobby/hats/climber_bandana_off"},{"predicate":{"damage":0.012163892446,"damaged":0},"model":"item/lobby/hats/climber_bandana"},{"predicate":{"damage":0.016005121639,"damaged":0},"model":"item/lobby/hats/moblin_mask"},{"predicate":{"damage":0.013444302177,"damaged":0},"model":"item/lobby/hats/moblin_mask"},{"predicate":{"damage":0.014724711908,"damaged":0},"model":"item/lobby/hats/moblin_mask_off"},{"predicate":{"damage":0.014084507042,"damaged":0},"model":"item/lobby/hats/moblin_mask_off"},{"predicate":{"damage":0.015364916773,"damaged":0},"model":"item/lobby/hats/moblin_mask"},{"predicate":{"damage":0.016645326504,"damaged":0},"model":"item/lobby/menu/game"},{"predicate":{"damage":0.01728553137,"damaged":0},"model":"item/lobby/menu/battle_arena"},{"predicate":{"damage":0.017925736236,"damaged":0},"model":"item/lobby/menu/go_back"},{"predicate":{"damage":0.018565941101,"damaged":0},"model":"item/lobby/menu/lobby_item"},{"predicate":{"damage":0.019206145967,"damaged":0},"model":"item/lobby/menu/lobby"},{"predicate":{"damage":0.019846350832,"damaged":0},"model":"item/lobby/menu/player_visibility_off"},{"predicate":{"damage":0.020486555698,"damaged":0},"model":"item/lobby/menu/player_visibility_on"},{"predicate":{"damage":0.021126760563,"damaged":0},"model":"item/lobby/menu/profile"},{"predicate":{"damage":0.021766965429,"damaged":0},"model":"item/lobby/particles/tornado"},{"predicate":{"damage":0.024327784891,"damaged":0},"model":"item/lobby/particles/tornado"},{"predicate":{"damage":0.022407170294,"damaged":0},"model":"item/lobby/particles/tornado"},{"predicate":{"damage":0.023687580026,"damaged":0},"model":"item/lobby/particles/tornado-off"},{"predicate":{"damage":0.02304737516,"damaged":0},"model":"item/lobby/particles/tornado-off"},{"predicate":{"damage":0.024967989757,"damaged":0},"model":"item/lobby/pets/all"},{"predicate":{"damage":0.027528809219,"damaged":0},"model":"item/lobby/pets/chicken"},{"predicate":{"damage":0.025608194622,"damaged":0},"model":"item/lobby/pets/chicken"},{"predicate":{"damage":0.026888604353,"damaged":0},"model":"item/lobby/pets/chicken-off"},{"predicate":{"damage":0.026248399488,"damaged":0},"model":"item/lobby/pets/chicken-off"},{"predicate":{"damage":0.030089628681,"damaged":0},"model":"item/lobby/pets/clone"},{"predicate":{"damage":0.028169014085,"damaged":0},"model":"item/lobby/pets/clone"},{"predicate":{"damage":0.029449423816,"damaged":0},"model":"item/lobby/pets/clone-off"},{"predicate":{"damage":0.02880921895,"damaged":0},"model":"item/lobby/pets/clone-off"},{"predicate":{"damage":0.032650448143,"damaged":0},"model":"item/lobby/pets/cow"},{"predicate":{"damage":0.030729833547,"damaged":0},"model":"item/lobby/pets/cow"},{"predicate":{"damage":0.032010243278,"damaged":0},"model":"item/lobby/pets/cow-off"},{"predicate":{"damage":0.031370038412,"damaged":0},"model":"item/lobby/pets/cow-off"},{"predicate":{"damage":0.035211267606,"damaged":0},"model":"item/lobby/pets/donkey"},{"predicate":{"damage":0.033290653009,"damaged":0},"model":"item/lobby/pets/donkey"},{"predicate":{"damage":0.03457106274,"damaged":0},"model":"item/lobby/pets/donkey-off"},{"predicate":{"damage":0.033930857875,"damaged":0},"model":"item/lobby/pets/donkey-off"},{"predicate":{"damage":0.037772087068,"damaged":0},"model":"item/lobby/pets/horse"},{"predicate":{"damage":0.035851472471,"damaged":0},"model":"item/lobby/pets/horse"},{"predicate":{"damage":0.037131882202,"damaged":0},"model":"item/lobby/pets/horse-off"},{"predicate":{"damage":0.036491677337,"damaged":0},"model":"item/lobby/pets/horse-off"},{"predicate":{"damage":0.04033290653,"damaged":0},"model":"item/lobby/pets/iron_golem"},{"predicate":{"damage":0.038412291933,"damaged":0},"model":"item/lobby/pets/iron_golem"},{"predicate":{"damage":0.039692701665,"damaged":0},"model":"item/lobby/pets/iron_golem-off"},{"predicate":{"damage":0.039052496799,"damaged":0},"model":"item/lobby/pets/iron_golem-off"},{"predicate":{"damage":0.042893725992,"damaged":0},"model":"item/lobby/pets/lama"},{"predicate":{"damage":0.040973111396,"damaged":0},"model":"item/lobby/pets/lama"},{"predicate":{"damage":0.042253521127,"damaged":0},"model":"item/lobby/pets/lama-off"},{"predicate":{"damage":0.041613316261,"damaged":0},"model":"item/lobby/pets/lama-off"},{"predicate":{"damage":0.045454545455,"damaged":0},"model":"item/lobby/pets/mule"},{"predicate":{"damage":0.043533930858,"damaged":0},"model":"item/lobby/pets/mule"},{"predicate":{"damage":0.044814340589,"damaged":0},"model":"item/lobby/pets/mule-off"},{"predicate":{"damage":0.044174135723,"damaged":0},"model":"item/lobby/pets/mule-off"},{"predicate":{"damage":0.048015364917,"damaged":0},"model":"item/lobby/pets/ocelot"},{"predicate":{"damage":0.04609475032,"damaged":0},"model":"item/lobby/pets/ocelot"},{"predicate":{"damage":0.047375160051,"damaged":0},"model":"item/lobby/pets/ocelot-off"},{"predicate":{"damage":0.046734955186,"damaged":0},"model":"item/lobby/pets/ocelot-off"},{"predicate":{"damage":0.050576184379,"damaged":0},"model":"item/lobby/pets/parrot"},{"predicate":{"damage":0.048655569782,"damaged":0},"model":"item/lobby/pets/parrot"},{"predicate":{"damage":0.049935979513,"damaged":0},"model":"item/lobby/pets/parrot-off"},{"predicate":{"damage":0.049295774648,"damaged":0},"model":"item/lobby/pets/parrot-off"},{"predicate":{"damage":0.053137003841,"damaged":0},"model":"item/lobby/pets/pig"},{"predicate":{"damage":0.051216389245,"damaged":0},"model":"item/lobby/pets/pig"},{"predicate":{"damage":0.052496798976,"damaged":0},"model":"item/lobby/pets/pig-off"},{"predicate":{"damage":0.05185659411,"damaged":0},"model":"item/lobby/pets/pig-off"},{"predicate":{"damage":0.055697823303,"damaged":0},"model":"item/lobby/pets/rabbit"},{"predicate":{"damage":0.053777208707,"damaged":0},"model":"item/lobby/pets/rabbit"},{"predicate":{"damage":0.055057618438,"damaged":0},"model":"item/lobby/pets/rabbit-off"},{"predicate":{"damage":0.054417413572,"damaged":0},"model":"item/lobby/pets/rabbit-off"},{"predicate":{"damage":0.058258642766,"damaged":0},"model":"item/lobby/pets/sheep"},{"predicate":{"damage":0.056338028169,"damaged":0},"model":"item/lobby/pets/sheep"},{"predicate":{"damage":0.0576184379,"damaged":0},"model":"item/lobby/pets/sheep-off"},{"predicate":{"damage":0.056978233035,"damaged":0},"model":"item/lobby/pets/sheep-off"},{"predicate":{"damage":0.060819462228,"damaged":0},"model":"item/lobby/pets/snow_golem"},{"predicate":{"damage":0.058898847631,"damaged":0},"model":"item/lobby/pets/snow_golem"},{"predicate":{"damage":0.060179257362,"damaged":0},"model":"item/lobby/pets/snow_golem-off"},{"predicate":{"damage":0.059539052497,"damaged":0},"model":"item/lobby/pets/snow_golem-off"},{"predicate":{"damage":0.06338028169,"damaged":0},"model":"item/lobby/pets/wolf"},{"predicate":{"damage":0.061459667093,"damaged":0},"model":"item/lobby/pets/wolf"},{"predicate":{"damage":0.062740076825,"damaged":0},"model":"item/lobby/pets/wolf-off"},{"predicate":{"damage":0.062099871959,"damaged":0},"model":"item/lobby/pets/wolf-off"}]}