{"parent":"item/stone","overrides":[{"predicate":{"damage":6.40204866E-4,"damaged":0},"model":"lobby/entities/chicken/head"},{"predicate":{"damage":0.001280409731,"damaged":0},"model":"lobby/entities/chicken/head_90"},{"predicate":{"damage":0.001920614597,"damaged":0},"model":"lobby/entities/chicken/leg0"},{"predicate":{"damage":0.002560819462,"damaged":0},"model":"lobby/entities/chicken/leg0_90"},{"predicate":{"damage":0.003201024328,"damaged":0},"model":"lobby/entities/chicken/leg1"},{"predicate":{"damage":0.003841229193,"damaged":0},"model":"lobby/entities/chicken/leg1_90"},{"predicate":{"damage":0.004481434059,"damaged":0},"model":"lobby/entities/chicken/beak"},{"predicate":{"damage":0.005121638924,"damaged":0},"model":"lobby/entities/chicken/beak_90"},{"predicate":{"damage":0.00576184379,"damaged":0},"model":"lobby/entities/chicken/wing1"},{"predicate":{"damage":0.006402048656,"damaged":0},"model":"lobby/entities/chicken/wing1_90"},{"predicate":{"damage":0.007042253521,"damaged":0},"model":"lobby/entities/chicken/wing0"},{"predicate":{"damage":0.007682458387,"damaged":0},"model":"lobby/entities/chicken/wing0_90"},{"predicate":{"damage":0.008322663252,"damaged":0},"model":"lobby/entities/chicken/body"},{"predicate":{"damage":0.008962868118,"damaged":0},"model":"lobby/entities/chicken/body_90"},{"predicate":{"damage":0.009603072983,"damaged":0},"model":"lobby/entities/chicken/comb"},{"predicate":{"damage":0.010243277849,"damaged":0},"model":"lobby/entities/chicken/comb_90"}]}