{
  "parent": "item/handheld",
	"display": {
		"thirdperson_righthand": {
			"rotation":  [ 0,0,0 ],
			"translation":  [ 0,0,0 ],
			"scale":  [ 0,0,0 ]
		},
		"thirdperson_lefthand": {
			"rotation":  [ 0,0,0 ],
			"translation":  [ 0,0,0 ],
			"scale":  [ 0,0,0 ]
		},
    "firstperson_righthand": {
			"rotation":  [ 0,0,0 ],
			"translation":  [ 0,0,0 ],
			"scale":  [ 0,0,0 ]
		},
		"firstperson_lefthand": {
			"rotation":  [ 0,0,0 ],
			"translation":  [ 0,0,0 ],
			"scale":  [ 0,0,0 ]
		}
	}
}
